"","Aa","Ab","Ac","Ad","Ae","Af","ST01","SU02","D03","ST04","SU05","D06","D07","SU08","ST09","SU10","D11","ST12","SU13","D14","D15","SU16","ST17","SU18","D19","ST20","SU21","D22","D23","SU24","ST25","SU26","D27","ST28","SU29","D30","D31","SU32","Ca","Cb","Cc","Cd","Ce","Cf","Cg","Ch","Da","Db","Dc","Dd","De","Df","Dg","Dh","Di","Dj","Age","Attitude","Points","gender","deep","surf","stra","attitude"
"1",3,1,2,1,1,1,4,2,4,4,2,4,4,3,3,2,3,3,3,4,3,2,3,2,4,2,3,3,2,2,4,4,4,4,3,4,4,3,2,4,3,4,3,2,3,4,3,4,4,5,4,2,4,3,4,4,53,37,25,"F",3.58333333333333,2.58333333333333,3.375,3.7
"2",2,2,2,2,1,1,4,2,4,4,4,2,3,4,4,1,4,1,3,2,3,4,4,2,3,1,2,2,3,4,2,4,2,2,3,3,4,5,4,4,4,5,5,3,2,4,4,3,3,4,3,2,3,3,2,4,55,31,12,"M",2.91666666666667,3.16666666666667,2.75,3.1
"3",4,1,1,1,1,1,3,1,4,4,2,3,4,1,3,1,4,4,2,4,2,3,3,1,4,3,2,4,3,3,4,4,3,5,2,4,3,5,3,5,4,4,3,4,4,2,1,4,4,1,4,1,3,1,1,5,49,25,24,"F",3.5,2.25,3.625,2.5
"4",4,2,3,2,1,1,3,3,4,4,3,4,4,2,3,1,3,3,2,4,3,2,3,1,3,3,3,3,3,2,3,2,3,3,3,4,4,3,3,4,4,4,3,4,4,3,2,4,5,2,5,1,5,4,2,5,53,35,10,"M",3.5,2.25,3.125,3.5
"5",3,2,2,1,2,1,4,2,5,3,4,4,4,3,4,2,4,2,3,4,3,3,4,1,4,3,2,3,3,4,4,3,3,5,3,3,4,4,2,4,4,3,3,3,4,4,3,4,4,4,4,2,5,5,3,3,49,37,22,"M",3.66666666666667,2.83333333333333,3.625,3.7
"6",4,2,1,1,1,1,4,3,5,4,3,5,5,4,4,1,5,3,1,5,4,2,3,2,4,3,4,5,4,2,4,2,5,4,2,5,5,3,3,5,4,4,3,4,5,4,3,5,4,4,4,3,4,3,3,5,38,38,21,"F",4.75,2.41666666666667,3.625,3.8
"7",4,1,2,2,1,1,5,2,4,2,2,3,4,4,2,1,5,2,1,5,2,3,4,1,4,1,1,4,3,2,1,1,4,1,1,4,4,4,4,5,4,4,4,5,5,3,2,4,4,5,5,1,4,4,2,4,50,35,21,"M",3.83333333333333,1.91666666666667,2.25,3.5
"8",3,1,2,1,1,1,4,2,4,5,4,3,4,2,4,2,3,4,2,4,2,3,3,2,4,4,3,2,2,4,4,4,4,4,2,3,4,4,2,4,4,5,3,3,3,3,2,4,4,3,4,1,4,1,1,5,37,29,31,"F",3.25,2.83333333333333,4,2.9
"9",2,1,2,1,1,1,4,1,5,5,2,4,5,4,4,1,4,4,1,4,3,4,4,1,5,4,2,4,4,2,4,4,5,5,1,4,5,3,3,5,4,5,3,3,5,5,4,2,4,5,4,4,5,4,4,2,37,38,24,"M",4.33333333333333,2.16666666666667,4.25,3.8
"10",3,2,1,1,1,2,4,2,4,4,4,4,4,2,4,2,4,4,2,4,4,4,4,2,4,2,4,4,4,4,4,4,4,2,2,4,4,4,2,4,4,5,4,4,4,4,1,4,4,2,2,1,1,1,1,4,42,21,26,"F",4,3,3.5,2.1
"11",2,2,2,2,2,2,4,2,4,4,4,4,4,2,4,2,4,4,3,4,3,3,3,2,3,3,2,3,4,4,3,2,3,4,2,3,4,4,3,3,4,4,4,3,3,3,3,4,5,4,4,4,4,4,3,4,37,39,31,"M",3.58333333333333,2.66666666666667,3.625,3.9
"12",5,1,2,1,1,1,5,1,4,5,3,4,4,1,5,2,4,4,1,4,4,4,5,1,3,4,2,3,3,4,5,4,5,5,1,3,5,5,3,4,5,3,5,3,4,3,3,4,4,5,4,2,3,5,4,4,34,38,31,"F",3.83333333333333,2.41666666666667,4.75,3.8
"13",4,1,3,1,1,2,5,2,5,4,2,4,5,1,4,2,5,4,2,5,4,1,3,2,4,3,2,4,4,2,4,4,4,2,3,3,4,4,3,5,5,3,4,4,4,3,2,4,3,1,4,1,2,2,1,4,34,24,23,"F",4.25,2.25,3.625,2.4
"14",2,1,3,1,1,1,4,4,3,3,2,4,4,2,4,1,2,3,2,4,2,3,4,2,4,2,4,4,2,4,4,4,2,4,3,5,4,2,2,5,2,3,3,4,5,4,2,5,5,2,4,1,3,2,1,5,34,30,25,"F",3.33333333333333,2.75,3.5,3
"15",4,1,1,1,1,1,3,1,5,2,2,4,4,4,2,1,4,1,2,4,4,2,3,2,5,1,2,5,2,2,1,4,3,1,2,5,5,4,3,1,3,4,2,4,2,4,2,2,4,1,2,5,2,3,1,4,35,26,21,"M",4.16666666666667,2.33333333333333,1.75,2.6
"16",1,1,1,1,1,1,5,2,4,4,4,3,3,3,2,2,3,3,4,3,3,2,3,1,3,2,2,3,3,2,3,3,3,3,3,3,3,4,5,3,4,5,5,4,3,5,2,2,4,1,4,2,3,1,1,5,46,25,0,"F",3.08333333333333,2.66666666666667,3.125,2.5
"17",4,2,3,2,1,1,3,2,4,5,2,4,3,2,5,2,4,3,3,4,4,3,2,1,3,4,1,4,4,3,5,4,4,4,2,2,4,3,3,4,4,2,3,2,4,3,4,4,4,5,4,2,4,5,5,4,33,41,31,"F",3.66666666666667,2.33333333333333,3.875,4.1
"18",3,1,1,1,1,1,3,2,5,2,3,4,5,4,1,3,4,1,2,5,3,4,1,3,3,1,1,5,5,3,1,5,2,1,2,4,4,3,3,5,3,3,4,3,5,3,2,4,3,4,3,1,3,1,1,4,32,26,20,"F",4.08333333333333,2.91666666666667,1.375,2.6
"19",3,2,2,1,1,1,4,2,5,4,2,4,4,2,4,2,4,2,3,4,4,3,3,3,4,3,1,2,1,3,3,4,4,3,3,2,4,2,2,4,4,3,2,2,3,4,2,3,4,2,3,2,3,3,2,2,44,26,22,"F",3.5,2.5,3.25,2.6
"20",2,1,1,1,1,1,4,3,4,4,4,3,4,4,2,4,4,3,4,4,4,4,3,1,4,2,4,4,5,4,4,5,4,2,4,4,5,4,2,5,4,4,4,4,3,4,1,2,2,2,2,1,2,1,1,3,29,17,9,"M",4.08333333333333,3.75,3,1.7
"21",3,1,2,1,1,1,4,3,5,5,2,4,5,4,4,1,4,4,2,4,4,2,2,2,4,4,2,4,4,3,4,4,4,3,4,4,2,4,4,5,4,4,4,4,5,3,2,4,4,2,4,1,4,1,1,4,30,27,24,"F",4,2.75,3.75,2.7
"22",4,4,4,4,4,4,3,2,4,3,2,4,4,4,3,2,4,2,1,4,3,2,3,1,4,2,1,4,4,3,3,4,4,2,2,4,4,4,3,4,4,3,4,3,4,4,4,4,4,4,4,3,4,5,3,4,27,39,28,"M",3.91666666666667,2.33333333333333,2.625,3.9
"23",3,2,2,2,1,2,4,2,4,2,3,4,4,4,2,1,4,3,2,4,4,3,2,1,4,2,4,4,4,2,2,2,4,2,2,4,4,3,3,5,4,3,2,4,3,3,3,4,4,3,4,2,3,4,3,4,29,34,30,"M",4,2.41666666666667,2.375,3.4
"24",4,1,2,1,1,1,5,4,5,5,1,3,4,3,4,2,5,3,2,5,4,3,2,3,5,4,3,4,2,3,2,5,4,4,3,3,4,4,2,5,3,4,5,3,5,3,2,4,4,2,3,1,3,2,2,4,31,27,24,"F",4,3,3.625,2.7
"25",3,2,2,1,1,1,4,4,5,3,2,3,4,2,2,1,5,4,2,4,2,2,5,1,4,1,4,5,3,1,1,4,2,2,2,3,4,4,5,5,5,3,5,2,3,4,3,2,4,2,3,1,3,1,1,3,37,23,9,"F",3.66666666666667,2.41666666666667,2.75,2.3
"26",2,2,1,1,1,1,2,2,5,2,2,4,4,4,4,1,4,1,5,4,2,4,2,1,4,1,2,2,4,2,1,5,3,1,2,4,4,4,1,4,2,5,4,2,4,2,2,5,5,5,5,2,4,2,2,5,26,37,26,"F",3.66666666666667,2.83333333333333,1.75,3.7
"27",3,1,2,1,1,1,3,4,5,3,3,5,5,2,4,2,5,3,3,5,2,5,4,2,5,3,1,3,5,5,3,3,5,3,3,3,5,5,3,5,5,3,5,2,3,4,4,5,5,5,5,2,4,5,4,5,26,44,32,"F",4.41666666666667,3.16666666666667,3.25,4.4
"28",2,2,1,1,1,1,5,4,5,4,4,4,4,1,4,4,4,4,3,4,2,4,3,1,4,4,2,4,4,4,5,4,4,3,1,4,4,4,4,5,5,4,4,4,5,4,4,5,5,4,5,2,4,3,4,5,30,41,32,"M",3.91666666666667,3,4,4.1
"29",4,2,3,1,2,2,4,4,5,3,1,3,3,2,1,1,4,3,1,4,4,2,2,1,4,1,1,4,3,2,1,5,3,2,3,5,4,3,3,4,3,3,3,3,4,2,1,4,3,3,3,1,3,2,1,3,37,24,0,"F",3.83333333333333,2.16666666666667,2.125,2.4
"30",3,1,2,1,1,1,4,1,5,4,2,4,4,2,4,2,3,2,2,4,3,1,2,1,3,5,3,3,3,2,4,2,4,4,2,4,5,4,4,5,4,3,4,3,3,4,4,4,3,5,4,4,2,1,5,5,33,37,33,"F",3.75,2,3.625,3.7
"31",2,2,3,2,1,3,3,4,4,3,4,4,3,1,3,3,3,2,4,4,3,4,4,3,4,2,4,3,2,3,4,5,2,2,3,3,4,4,4,4,3,4,5,1,2,5,1,3,3,4,3,1,3,2,2,3,33,25,29,"F",3.25,3.5,2.875,2.5
"32",2,4,2,2,1,2,4,4,4,3,3,5,4,2,4,4,5,2,4,4,2,5,5,3,4,2,2,3,4,5,2,5,2,2,3,2,4,5,5,4,5,3,5,4,4,4,4,3,4,2,4,2,4,2,2,3,28,30,30,"M",3.58333333333333,3.75,3,3
"33",1,1,1,1,1,1,2,4,5,2,4,5,5,1,4,1,5,1,1,5,5,1,1,4,4,1,5,5,5,1,1,1,5,1,2,5,5,5,5,5,5,5,5,5,5,5,1,5,5,4,5,1,4,3,1,5,26,34,19,"M",4.91666666666667,2.5,1.625,3.4
"34",4,1,1,1,1,1,5,2,5,2,2,4,4,2,4,1,3,4,2,5,2,1,4,1,4,1,2,4,3,2,4,4,2,2,2,3,4,4,4,5,4,4,4,2,5,4,3,4,4,4,4,1,4,4,2,2,27,32,23,"F",3.58333333333333,2.08333333333333,3.25,3.2
"35",3,2,2,1,2,3,4,1,3,4,2,3,4,2,2,3,3,4,3,4,2,2,3,1,3,3,2,3,3,3,4,5,2,4,2,3,2,3,3,4,3,3,4,2,3,2,2,3,2,1,2,1,2,2,1,4,25,20,19,"F",2.91666666666667,2.41666666666667,3.5,2
"36",4,3,1,1,1,1,4,2,4,4,2,4,3,3,3,1,4,3,3,4,4,3,3,1,4,3,3,3,3,3,2,4,3,2,2,4,4,4,3,5,4,2,4,4,4,4,2,4,4,1,2,1,2,2,1,5,31,24,12,"F",3.66666666666667,2.58333333333333,3,2.4
"37",2,5,4,5,5,4,4,1,5,4,2,4,5,2,3,1,5,3,1,4,4,1,3,1,4,3,1,4,5,1,4,3,4,2,2,5,5,3,3,5,3,2,3,4,5,3,3,4,5,4,5,3,4,5,4,5,20,42,10,"M",4.5,1.58333333333333,3.25,4.2
"38",4,4,5,5,5,5,5,1,4,4,1,5,3,3,1,5,5,1,5,5,3,1,1,1,4,1,1,5,2,1,1,5,3,1,5,5,5,5,4,4,2,2,2,2,1,5,1,4,4,1,1,1,1,1,1,1,39,16,11,"F",4.08333333333333,2.83333333333333,1.875,1.6
"39",4,1,2,1,1,1,5,2,4,5,2,4,4,2,4,1,4,4,2,4,4,1,4,1,4,4,2,4,4,2,4,4,4,5,1,3,3,2,2,4,4,4,3,4,4,3,3,4,4,2,4,2,4,2,2,4,38,31,20,"M",3.83333333333333,1.83333333333333,4.375,3.1
"40",3,3,1,1,2,3,4,5,4,5,2,3,5,1,4,2,2,5,4,4,2,1,2,1,3,3,2,3,2,2,2,5,3,4,2,4,4,2,1,4,3,3,4,4,3,2,4,5,5,5,4,1,3,4,2,5,24,38,26,"M",3.25,2.41666666666667,3.625,3.8
"41",2,3,3,4,1,4,4,4,4,2,2,1,2,2,2,2,2,2,4,4,1,4,2,4,2,3,1,1,2,4,4,5,3,1,2,4,2,5,4,5,2,2,3,2,3,4,4,4,5,4,4,2,3,5,4,3,26,38,31,"M",2.33333333333333,3.25,2.5,3.8
"42",4,1,2,1,1,2,2,3,4,1,4,4,5,4,1,4,2,2,2,4,5,4,1,4,2,1,1,2,2,4,1,5,2,1,2,4,4,4,2,5,4,5,4,2,4,3,3,5,4,2,4,2,3,3,2,5,25,33,20,"M",3.33333333333333,3.41666666666667,1.25,3.3
"43",4,2,2,1,2,1,4,4,5,5,3,4,4,2,4,3,4,3,4,4,5,2,3,4,5,5,3,3,2,2,5,5,5,3,5,3,5,4,1,4,3,3,4,4,4,5,2,4,2,1,1,1,1,1,1,3,30,17,23,"F",4.08333333333333,3.41666666666667,4,1.7
"44",3,2,1,1,1,2,4,2,4,4,4,4,3,4,2,2,2,2,2,4,2,4,4,2,2,2,2,2,2,4,4,4,2,2,4,4,4,4,4,5,3,4,4,3,4,4,2,4,4,1,2,1,3,2,1,5,25,25,12,"F",2.91666666666667,3.16666666666667,3,2.5
"45",4,5,5,4,5,5,3,5,3,2,2,4,4,4,2,2,3,2,4,4,3,4,2,3,3,5,1,3,3,5,3,4,3,1,4,4,3,4,4,5,2,4,4,3,4,4,3,4,4,3,4,2,3,3,2,4,30,32,24,"M",3.33333333333333,3.5,2.5,3.2
"46",2,1,2,1,1,1,5,1,5,5,4,4,5,2,5,1,5,5,4,4,2,1,5,2,5,4,2,4,2,2,5,5,4,5,3,1,5,5,4,5,5,2,5,2,4,5,2,5,5,2,5,1,4,4,2,5,48,35,17,"F",3.83333333333333,2.66666666666667,4.875,3.5
"47",3,1,2,1,1,2,5,4,4,5,2,3,4,1,5,2,4,5,3,4,3,1,5,1,4,5,3,4,3,2,5,4,3,5,3,4,4,3,2,5,5,3,4,3,4,3,4,5,5,2,4,1,4,2,1,4,24,32,29,"F",3.66666666666667,2.41666666666667,5,3.2
"48",4,1,1,1,1,1,5,5,5,5,4,5,5,3,4,1,4,5,4,5,4,4,4,2,4,5,4,5,4,4,3,4,5,4,4,5,5,4,3,5,4,4,3,4,4,3,4,5,5,4,5,2,5,3,4,5,40,42,23,"F",4.66666666666667,3.58333333333333,4.375,4.2
"49",2,1,1,1,1,1,5,2,5,2,2,5,5,1,2,1,4,4,4,4,2,1,2,1,1,5,3,5,2,2,4,4,2,2,2,5,5,2,3,5,5,4,4,4,5,4,4,5,4,4,4,1,2,1,1,5,25,31,28,"M",3.75,2.08333333333333,3.25,3.1
"50",2,1,2,1,1,1,4,3,4,4,4,5,2,1,5,4,4,4,4,3,3,3,4,4,4,3,4,3,4,4,5,5,3,3,4,3,3,5,5,4,4,4,5,3,3,5,4,5,5,4,5,2,4,2,3,5,23,39,31,"F",3.41666666666667,3.75,4,3.9
"51",5,1,2,1,1,1,5,2,4,5,3,5,4,3,2,2,4,1,3,4,4,3,3,1,3,1,2,5,4,4,4,5,4,4,3,5,4,4,3,5,5,3,2,3,3,4,1,2,1,1,1,1,1,5,5,1,25,19,23,"F",4.16666666666667,2.91666666666667,3.125,1.9
"52",4,2,3,2,1,1,2,1,3,2,2,2,1,4,2,2,4,2,2,4,2,2,4,1,1,2,4,2,4,5,4,5,4,2,2,3,5,5,5,3,4,5,5,2,2,5,1,2,2,4,2,1,1,2,1,5,23,21,25,"F",2.91666666666667,2.91666666666667,2.5,2.1
"53",2,1,1,1,1,1,3,5,5,5,2,3,4,3,2,1,4,2,1,4,5,2,3,1,5,5,4,5,2,1,4,2,3,1,3,5,5,4,3,4,3,5,5,5,5,3,1,5,4,3,2,1,2,1,1,5,27,25,18,"M",4.16666666666667,2.41666666666667,3.125,2.5
"54",4,1,2,2,3,2,4,4,4,2,2,4,3,2,4,1,3,2,4,4,4,2,4,3,4,4,1,3,3,4,4,5,3,2,3,4,4,5,1,5,4,2,3,3,3,3,2,4,4,4,4,1,3,3,3,4,25,32,19,"M",3.58333333333333,3,3.25,3.2
"55",4,1,1,1,1,2,4,2,3,2,4,2,4,4,2,1,3,2,4,4,4,5,4,1,3,1,4,1,2,4,1,5,3,1,3,3,2,4,1,4,4,2,4,1,3,4,3,2,2,5,2,3,2,5,4,4,23,32,22,"M",2.83333333333333,3.41666666666667,2.125,3.2
"56",3,2,2,1,1,1,4,4,5,2,2,4,4,2,4,1,4,1,2,4,4,2,4,2,5,2,3,4,2,4,4,5,3,1,3,4,5,5,4,5,4,5,5,3,5,4,1,4,3,4,4,1,1,1,2,5,23,26,25,"F",4,2.91666666666667,2.75,2.6
"57",3,2,1,1,2,2,3,4,4,2,2,3,4,4,1,3,4,3,2,4,3,4,4,2,2,1,3,2,2,4,3,5,3,2,2,2,2,4,2,4,4,4,3,3,4,4,2,3,2,3,3,1,3,2,2,2,23,23,21,"F",2.91666666666667,3.25,2.375,2.3
"58",4,1,2,1,1,1,4,4,4,4,2,2,5,2,4,2,2,2,4,5,1,2,4,5,4,1,2,5,2,2,4,5,2,2,4,2,2,5,4,5,4,1,5,4,4,4,4,5,5,4,5,1,4,3,2,5,45,38,9,"F",3,3.25,3.125,3.8
"59",3,1,4,2,1,1,5,1,5,5,2,4,4,1,3,1,5,4,3,5,4,4,3,1,4,4,2,4,3,4,5,4,3,3,1,3,5,4,1,5,5,3,4,3,4,3,4,4,2,3,2,1,2,2,4,4,22,28,28,"F",4.08333333333333,2.33333333333333,4,2.8
"60",2,1,2,1,1,1,5,2,4,2,4,3,5,2,4,1,3,5,3,4,2,5,3,1,4,4,2,1,2,5,4,5,2,5,4,1,4,5,5,5,4,5,5,2,3,5,2,2,2,5,3,2,2,5,5,5,23,33,25,"F",2.91666666666667,3.25,4,3.3
"61",4,2,3,3,1,3,2,2,4,1,1,4,3,4,2,1,3,4,3,4,4,3,2,1,2,1,1,4,2,3,5,4,3,1,3,5,4,4,3,5,3,4,4,4,5,2,4,5,5,5,5,4,5,5,5,5,21,48,29,"M",3.5,2.5,2.25,4.8
"62",3,1,1,1,1,1,4,2,5,3,1,5,5,1,3,1,3,3,2,4,4,2,3,1,3,3,1,5,3,2,4,3,5,3,1,5,5,4,1,4,3,3,4,2,3,2,4,3,4,5,4,3,4,4,5,4,21,40,33,"M",4.33333333333333,1.75,3.25,4
"63",3,3,2,2,1,1,4,2,5,3,2,4,4,3,4,1,4,4,1,5,4,3,3,2,4,4,2,5,4,3,4,2,3,3,2,4,5,4,3,5,4,4,4,4,4,4,4,4,4,4,4,4,4,4,4,4,21,40,33,"F",4.25,2.25,3.625,4
"64",3,1,1,1,1,1,4,1,5,2,2,2,4,4,5,1,4,4,1,5,2,2,4,1,2,3,2,3,4,2,5,4,3,2,1,5,2,4,2,4,4,2,4,2,5,2,5,5,5,4,5,4,5,5,4,5,21,47,25,"F",3.41666666666667,2.08333333333333,3.625,4.7
"65",2,1,1,1,1,2,4,4,5,2,2,2,2,2,2,2,4,2,2,2,2,4,4,2,4,1,1,4,2,4,4,5,4,1,2,2,4,4,2,5,5,4,5,2,5,5,2,3,2,4,2,1,2,2,2,3,26,23,18,"F",3.08333333333333,2.83333333333333,2.5,2.3
"66",1,2,1,1,1,1,4,2,5,2,4,5,5,2,2,1,5,1,4,4,4,3,2,1,4,2,2,4,5,2,1,4,4,1,4,5,5,5,2,5,3,2,5,5,5,2,2,5,5,2,4,1,4,2,1,5,25,31,22,"F",4.58333333333333,2.83333333333333,1.875,3.1
"67",4,2,2,1,2,1,2,2,4,1,2,3,4,2,1,1,2,2,2,4,4,2,2,2,4,2,4,4,1,2,4,4,2,2,2,5,4,4,2,4,4,2,4,4,4,4,2,4,4,2,2,1,2,4,2,4,26,27,17,"F",3.41666666666667,2.41666666666667,2,2.7
"68",4,1,2,2,2,2,3,1,4,2,2,2,4,4,3,2,4,1,2,3,3,2,2,1,4,1,1,4,3,2,2,5,3,1,1,3,4,4,3,4,3,3,4,3,5,4,3,4,4,5,4,5,3,5,4,4,21,41,25,"M",3.41666666666667,2.25,1.875,4.1
"69",5,5,5,5,5,5,5,1,4,4,2,4,4,2,2,2,4,2,2,4,4,4,4,2,4,1,1,4,2,4,2,5,2,1,1,2,4,2,4,5,5,5,5,4,4,5,2,5,5,2,5,1,5,2,2,5,22,34,0,"F",3.5,2.33333333333333,2.625,3.4
"70",3,2,2,1,1,1,4,2,5,4,4,4,2,2,4,1,4,5,4,4,3,2,4,1,4,3,4,3,2,4,4,3,2,4,3,4,4,4,1,5,4,1,4,4,4,4,2,4,5,3,5,1,4,3,3,4,23,34,28,"F",3.41666666666667,2.83333333333333,4,3.4
"71",3,2,1,1,1,2,4,1,4,2,2,4,4,2,3,1,3,4,2,4,3,2,2,1,5,2,3,3,2,2,4,4,4,2,3,3,4,4,3,5,4,3,5,2,4,2,3,4,2,1,3,1,2,3,2,4,22,25,22,"F",3.58333333333333,2.25,2.875,2.5
"72",1,2,2,1,1,1,1,1,1,4,2,1,2,2,5,3,2,5,1,2,2,3,3,1,1,4,4,2,2,2,5,1,1,4,1,2,1,1,1,1,3,2,2,4,3,1,2,1,1,1,1,5,2,5,2,1,22,21,26,"F",1.58333333333333,1.83333333333333,3.875,2.1
"73",2,1,1,1,1,1,2,4,5,2,2,3,4,4,2,2,4,4,3,4,2,3,4,1,3,1,2,3,2,4,4,4,2,1,2,4,4,4,3,1,2,3,1,3,1,3,1,1,3,1,2,1,1,1,1,2,22,14,11,"F",3.33333333333333,2.91666666666667,2.5,1.4
"74",1,2,3,2,1,1,4,4,5,2,2,4,5,2,2,3,5,2,2,5,4,2,3,3,5,2,4,4,4,2,5,5,3,2,3,4,4,3,2,4,5,2,2,1,5,4,2,4,3,2,1,1,2,1,1,2,23,19,29,"F",4.33333333333333,2.91666666666667,2.75,1.9
"75",2,1,2,1,1,2,5,1,4,4,4,4,5,2,4,2,4,5,1,5,4,2,4,1,4,4,2,4,5,2,5,2,4,5,2,5,5,4,2,5,4,2,4,4,5,4,4,4,4,1,4,3,3,5,4,5,22,37,22,"M",4.41666666666667,2.08333333333333,4.5,3.7
"76",2,5,5,5,5,5,4,2,5,3,2,3,5,1,4,2,5,4,3,5,5,2,5,2,4,4,3,4,4,2,2,5,5,2,3,5,5,5,3,5,4,5,5,3,4,4,4,5,5,2,5,2,4,5,4,5,25,41,0,"M",4.58333333333333,2.66666666666667,3.5,4.1
"77",3,1,1,1,1,1,4,1,5,4,3,5,5,1,4,1,5,3,1,5,5,2,3,1,5,4,4,5,4,4,4,4,4,1,1,5,5,5,1,5,3,1,4,3,5,3,1,4,3,5,3,4,2,4,2,4,23,32,21,"M",4.83333333333333,2.33333333333333,3.375,3.2
"78",4,1,2,1,1,1,4,2,4,2,1,3,2,4,2,1,5,3,3,2,3,2,3,2,3,4,2,3,4,2,1,4,3,2,3,1,4,3,2,5,5,3,4,2,4,3,4,3,4,2,3,2,3,2,2,3,24,28,28,"M",3.08333333333333,2.41666666666667,2.625,2.8
"79",5,2,3,1,1,1,2,5,4,4,3,2,2,1,5,3,4,5,2,3,3,1,4,4,4,5,2,2,2,1,5,5,4,3,2,2,4,4,1,5,4,4,4,3,3,3,4,4,5,5,3,4,4,4,3,5,22,41,33,"F",3,2.75,4.125,4.1
"80",2,1,1,1,1,1,4,4,4,3,4,5,4,2,2,1,4,4,3,5,4,4,4,2,4,1,3,4,3,4,1,5,4,2,2,3,5,5,5,5,3,3,5,2,4,5,2,5,4,1,4,1,1,1,1,5,23,25,16,"F",4.08333333333333,3.25,2.625,2.5
"81",5,2,1,1,1,1,4,1,5,2,1,3,5,1,2,1,5,2,1,5,2,3,2,1,2,4,1,4,5,3,1,5,4,1,1,5,4,2,1,5,4,3,3,4,5,4,3,4,3,3,1,1,3,5,2,3,22,28,31,"M",4.08333333333333,1.75,2.25,2.8
"82",2,5,4,4,5,4,4,1,4,4,2,4,4,2,2,2,4,4,4,3,4,4,3,1,4,2,1,3,3,2,1,5,4,2,2,4,4,5,4,4,2,5,5,3,5,4,3,4,3,4,3,4,3,5,4,5,20,38,22,"M",3.75,2.58333333333333,2.75,3.8
"83",3,3,3,2,1,3,4,5,4,2,3,3,3,2,4,4,4,3,3,3,2,2,2,4,4,4,2,2,2,5,4,4,4,1,2,3,3,4,3,4,4,4,4,2,3,5,3,4,3,4,3,2,2,3,4,3,22,31,31,"M",3.08333333333333,3.33333333333333,3,3.1
"84",4,1,1,1,1,1,3,3,5,1,3,5,5,4,2,3,5,1,3,5,4,1,3,1,5,1,2,5,5,2,1,3,3,1,4,5,5,5,4,5,4,1,2,5,5,4,3,3,5,4,5,1,3,3,3,5,21,35,23,"M",4.75,2.83333333333333,1.625,3.5
"85",5,1,2,2,1,1,3,2,5,3,2,4,5,4,2,1,5,2,2,4,5,3,2,4,4,1,2,4,3,2,1,4,4,1,2,4,4,2,1,5,4,4,2,5,5,3,3,4,5,3,4,3,4,2,3,5,22,36,26,"F",4.25,2.5,1.875,3.6
"86",3,1,1,2,1,1,5,2,5,3,3,5,5,2,4,1,4,3,3,4,3,2,3,1,5,3,3,3,3,2,3,4,3,3,2,5,5,4,4,5,3,3,4,2,5,3,2,3,3,3,2,2,2,4,3,2,23,26,12,"F",4.16666666666667,2.41666666666667,3.375,2.6
"87",3,1,3,1,1,1,5,3,5,5,2,3,5,3,5,3,4,3,1,5,3,3,5,1,5,2,2,5,4,2,2,3,4,3,2,5,5,4,2,5,4,3,3,3,5,5,3,5,5,5,5,3,4,4,5,5,21,44,26,"M",4.41666666666667,2.41666666666667,3.75,4.4
"88",4,2,2,1,1,2,2,4,4,2,2,5,4,1,2,2,4,2,2,2,4,1,2,4,4,2,1,4,4,4,4,5,4,1,1,2,5,4,2,5,2,2,1,4,4,4,4,4,5,5,5,4,5,4,5,4,22,45,31,"M",3.83333333333333,2.58333333333333,2.125,4.5
"89",3,2,2,1,1,1,4,2,5,2,3,2,4,2,3,4,4,2,2,4,3,2,4,4,4,1,2,2,2,4,1,5,4,2,1,2,4,5,4,4,4,5,4,3,3,2,2,4,2,4,2,3,2,5,4,4,29,32,19,"M",3.33333333333333,3,2.375,3.2
"90",2,1,2,1,1,1,3,2,4,2,3,3,3,2,2,2,3,1,1,4,4,3,3,1,4,1,1,3,3,3,1,5,3,1,1,3,4,4,4,5,3,5,4,3,5,5,1,4,3,1,3,1,1,1,1,4,26,20,0,"F",3.41666666666667,2.33333333333333,1.75,2
"91",3,2,2,1,1,2,3,2,4,3,3,2,3,2,4,1,4,2,2,4,2,1,4,2,4,2,2,2,2,2,1,1,4,3,2,4,3,4,2,5,3,4,5,3,4,4,4,4,5,5,5,2,4,2,3,5,29,39,30,"F",3.16666666666667,2,2.75,3.9
"92",2,2,1,1,1,1,5,1,4,2,4,2,4,2,4,4,4,2,4,4,2,2,3,1,4,4,5,2,4,4,4,5,2,1,4,4,2,5,5,2,4,4,5,2,2,5,2,4,4,2,4,1,2,1,1,4,21,25,12,"F",3.16666666666667,3.41666666666667,3.125,2.5
"93",5,3,5,5,5,5,4,2,5,4,5,4,4,2,3,2,4,5,2,4,4,3,2,1,3,4,3,3,4,3,4,5,2,2,2,4,5,4,4,4,3,3,4,2,4,3,3,4,4,2,4,2,3,5,2,4,28,33,17,"M",3.83333333333333,2.83333333333333,3.5,3.3
"94",2,1,2,3,2,1,2,4,5,4,4,3,5,2,1,5,5,1,2,4,5,2,2,2,4,1,4,4,5,4,1,5,4,1,3,2,4,4,3,5,4,4,2,3,4,3,2,5,5,3,4,1,5,2,3,5,23,35,0,"M",4.16666666666667,3.41666666666667,1.625,3.5
"95",2,4,3,5,5,5,4,1,5,3,2,5,4,2,5,2,5,2,1,5,4,2,3,1,4,1,3,3,3,3,1,5,4,2,1,4,5,4,2,5,4,4,5,4,4,5,2,4,5,3,4,1,3,5,1,5,21,33,18,"F",4.25,2.25,2.625,3.3
"96",3,2,2,1,1,1,4,2,5,4,4,4,4,2,2,2,4,4,3,5,4,4,4,1,4,2,2,3,2,2,4,4,3,3,2,4,4,5,3,5,4,4,5,2,4,5,2,4,4,3,2,1,4,2,4,4,30,30,19,"F",3.83333333333333,2.75,3.375,3
"97",2,2,1,1,1,1,4,4,5,2,3,2,4,3,1,4,5,2,4,4,2,4,3,2,5,1,5,4,2,4,4,5,4,1,4,2,5,5,3,5,5,4,5,4,5,3,1,5,4,4,4,1,3,1,2,4,21,29,21,"F",3.66666666666667,3.91666666666667,2.25,2.9
"98",3,1,2,1,1,1,4,3,5,3,3,4,4,2,2,1,4,3,2,4,4,2,3,2,2,4,3,2,4,2,3,4,4,2,2,5,4,2,2,4,4,3,4,4,4,3,3,3,4,4,3,1,4,3,4,4,23,33,24,"M",3.83333333333333,2.33333333333333,3,3.3
"99",3,5,5,5,5,5,4,1,4,3,4,2,4,1,4,2,4,4,1,4,4,3,4,1,4,4,4,3,4,4,5,4,4,4,3,4,5,5,4,4,3,4,4,2,4,4,3,4,4,4,4,1,3,2,4,4,21,33,28,"F",3.83333333333333,2.75,4,3.3
"100",3,4,4,4,5,4,4,3,4,2,4,4,5,1,4,2,4,4,4,5,2,2,4,1,2,4,3,4,4,2,4,4,4,2,2,4,4,5,4,4,4,2,4,2,2,4,3,4,3,4,4,2,3,4,3,5,21,35,17,"F",3.83333333333333,2.75,3.5,3.5
"101",3,1,1,1,1,1,2,2,4,2,3,4,3,3,2,2,3,4,4,3,3,2,3,3,3,2,2,3,4,2,4,4,4,2,3,5,5,5,2,4,3,3,4,3,3,4,3,5,5,3,4,2,4,3,2,5,20,36,18,"F",3.66666666666667,2.91666666666667,2.625,3.6
"102",3,2,2,1,1,1,4,4,5,4,3,3,4,2,4,1,5,2,3,4,4,2,4,1,5,2,1,2,4,5,2,4,5,1,2,4,5,4,1,5,4,4,5,1,5,3,2,5,5,4,5,4,4,5,4,4,21,42,0,"M",4.16666666666667,2.66666666666667,2.875,4.2
"103",1,1,2,1,1,1,4,2,5,2,2,4,4,2,2,1,4,2,2,4,4,1,2,1,4,2,2,5,4,2,4,4,4,2,2,5,5,4,2,4,4,3,5,2,5,4,2,4,4,5,4,2,3,5,4,4,22,37,17,"M",4.33333333333333,2.08333333333333,2.5,3.7
"104",2,5,5,5,5,5,4,4,4,3,4,5,5,4,3,2,5,4,3,5,4,4,5,1,4,2,4,4,2,3,3,4,5,2,5,5,5,5,5,5,5,5,5,4,5,5,3,5,4,1,4,1,3,1,2,4,35,28,0,"F",4.41666666666667,3.58333333333333,3.25,2.8
"105",4,4,4,5,3,4,4,4,4,4,4,4,4,4,3,3,3,3,3,3,3,3,3,3,4,4,4,4,2,4,5,3,4,4,5,5,5,4,3,4,3,4,4,3,4,4,5,5,5,5,5,1,5,1,5,5,21,42,23,"M",3.75,3.66666666666667,3.75,4.2
"106",4,3,2,2,1,2,4,4,3,2,4,1,2,4,2,3,4,1,3,4,2,3,2,4,2,1,2,3,2,4,3,4,2,1,2,4,3,4,3,5,3,4,4,4,4,3,1,3,2,4,1,1,2,4,2,2,22,22,0,"M",2.66666666666667,3.41666666666667,2,2.2
"107",3,1,1,1,1,1,4,4,5,3,2,3,4,1,4,2,5,4,1,5,3,2,3,4,4,4,3,4,4,4,5,4,4,2,2,4,5,5,3,5,5,4,5,3,5,3,3,4,3,4,3,2,3,2,4,4,21,32,26,"M",4.16666666666667,2.83333333333333,3.625,3.2
"108",2,1,1,1,1,1,5,5,5,4,4,4,4,1,5,4,5,5,3,4,3,3,5,3,5,4,2,3,4,4,1,5,5,4,2,3,3,5,1,1,1,1,1,4,1,1,5,5,5,5,5,5,5,5,5,5,20,50,28,"F",4,3.41666666666667,4.125,5
"109",3,1,2,1,1,1,4,1,5,4,2,5,5,1,5,1,4,4,1,4,4,2,4,1,4,5,1,3,4,2,5,2,4,4,1,2,4,4,2,5,4,4,4,3,4,2,4,5,5,5,5,4,4,5,5,5,22,47,31,"M",4,1.58333333333333,4.375,4.7
"110",3,2,3,1,1,1,3,5,5,4,5,4,5,2,2,2,5,3,3,4,4,2,3,4,5,2,2,3,5,2,2,3,5,2,2,5,5,3,1,5,4,5,4,3,4,3,4,4,4,5,4,2,3,2,4,4,20,36,27,"F",4.58333333333333,2.91666666666667,2.625,3.6
"111",3,1,2,1,1,1,4,2,4,4,3,2,4,2,5,2,4,3,3,4,2,4,4,2,4,3,2,2,4,4,5,5,5,4,2,4,5,5,3,5,5,5,3,3,4,4,4,5,5,5,5,1,3,1,2,5,20,36,25,"F",3.66666666666667,3,4,3.6
"112",4,3,4,3,4,3,4,5,4,3,2,3,4,2,3,1,3,1,5,5,2,2,2,3,4,3,1,4,2,2,4,5,3,2,4,5,5,3,4,4,3,4,4,2,3,5,2,5,4,3,2,2,3,2,3,3,24,29,23,"M",3.66666666666667,2.91666666666667,2.75,2.9
"113",1,1,1,1,1,1,4,2,5,5,1,3,5,2,4,4,4,2,3,5,4,2,3,2,4,1,3,2,3,2,2,5,4,1,2,4,3,4,2,5,5,4,5,2,4,4,2,5,4,5,4,2,3,2,4,4,20,35,21,"F",3.83333333333333,2.66666666666667,2.75,3.5
"114",4,3,2,2,1,2,2,3,4,2,2,3,2,4,1,2,3,1,4,3,4,4,2,4,2,1,1,2,2,3,1,4,2,1,1,2,2,4,2,4,3,3,3,3,4,4,4,4,5,4,4,4,5,4,3,3,19,40,27,"F",2.58333333333333,3,1.375,4
"115",3,2,2,1,1,1,4,3,4,2,4,3,4,3,2,2,4,2,2,3,2,2,3,2,4,2,2,4,3,4,1,3,4,2,2,3,4,4,3,5,4,3,3,4,4,3,2,4,4,5,3,2,3,3,4,5,21,35,28,"F",3.5,2.75,2.25,3.5
"116",2,1,1,2,1,1,3,3,3,4,4,2,2,2,4,3,4,4,2,4,2,3,4,4,4,2,2,2,4,3,4,5,4,4,1,3,3,5,5,5,5,5,5,3,3,4,3,3,2,5,3,2,1,5,5,3,21,32,23,"F",3.08333333333333,3.08333333333333,3.625,3.2
"117",2,1,2,1,1,1,5,1,5,4,4,4,5,2,3,1,5,3,2,4,4,3,3,1,2,4,2,4,4,2,5,5,4,3,2,5,5,5,2,5,3,3,4,4,4,5,2,4,4,3,2,1,1,2,3,4,22,26,21,"F",4.25,2.5,3.75,2.6
"118",4,2,2,1,2,2,4,1,5,4,4,2,2,2,4,2,5,4,1,2,2,2,4,1,4,2,2,1,4,2,5,5,5,5,1,2,4,5,2,5,4,5,5,2,4,4,2,4,1,4,1,1,1,1,1,4,25,20,25,"F",3.16666666666667,2.33333333333333,4,2
"119",2,1,2,2,1,2,4,2,4,4,5,3,4,2,2,1,4,4,2,4,2,4,3,1,2,2,4,3,2,4,4,5,2,2,3,3,4,3,2,4,3,2,5,4,5,3,2,4,3,2,3,1,3,2,2,5,21,27,11,"F",3.08333333333333,3,3.125,2.7
"120",2,1,1,2,2,1,4,4,4,4,2,4,4,3,2,2,4,4,2,5,4,3,2,2,5,2,4,4,4,2,4,4,4,4,3,4,4,5,4,5,4,3,4,2,4,4,3,4,4,4,4,2,3,2,2,4,22,32,19,"F",4.16666666666667,3,3.25,3.2
"121",1,2,2,2,2,2,2,4,3,2,5,2,1,2,4,4,3,1,4,2,2,4,4,4,4,1,4,2,2,4,2,5,2,1,3,2,2,5,5,3,4,5,5,2,2,5,3,4,5,3,5,1,4,1,2,5,25,33,24,"F",2.25,4,2.125,3.3
"122",4,1,3,2,1,1,4,4,5,3,2,3,4,2,3,2,3,2,3,4,3,2,3,4,3,2,4,2,2,4,4,4,4,2,3,3,4,5,4,4,3,2,5,3,3,3,4,4,4,4,4,3,4,4,4,4,20,39,28,"F",3.33333333333333,3.25,2.875,3.9
"123",3,2,2,2,1,1,2,5,2,1,4,3,3,3,1,4,4,2,4,3,4,3,2,3,3,2,2,2,2,3,1,5,3,1,3,4,4,3,3,2,2,2,3,3,2,1,3,3,4,3,4,2,4,3,2,5,24,33,21,"M",3.08333333333333,3.5,1.5,3.3
"124",2,2,1,1,1,1,3,4,3,3,4,3,3,4,4,3,3,2,3,3,2,4,3,2,3,1,3,2,2,4,2,4,3,2,3,3,3,4,4,4,3,4,5,2,3,4,3,3,4,4,4,2,3,2,2,3,20,30,24,"F",2.75,3.5,2.5,3
"125",2,2,3,1,1,2,4,1,4,3,4,4,4,4,4,2,2,4,5,3,2,4,3,4,4,2,3,3,4,5,4,5,2,2,4,4,3,5,3,3,4,5,3,2,4,4,4,4,4,4,4,2,4,5,3,3,21,37,24,"M",3.25,3.83333333333333,3.25,3.7
"126",3,1,3,1,1,1,5,3,5,4,4,4,3,3,4,2,4,3,2,4,3,2,3,3,4,4,3,4,2,3,2,5,3,1,2,4,5,5,5,5,4,4,4,2,4,4,1,2,1,2,2,1,1,1,1,2,26,14,0,"F",3.75,3.08333333333333,3.25,1.4
"127",4,1,1,1,1,1,4,3,5,3,2,5,5,4,2,2,5,4,2,5,4,2,3,1,4,2,2,5,4,4,1,2,5,1,1,5,5,5,4,5,5,3,4,4,5,4,3,4,4,3,4,1,3,1,3,4,28,30,0,"M",4.75,2.5,2.5,3
"128",3,2,2,1,1,1,4,2,4,3,3,5,4,3,4,1,4,4,3,4,3,3,5,1,5,4,3,4,3,4,2,4,4,3,3,3,5,5,4,5,4,4,5,3,3,3,3,4,3,1,3,1,3,2,1,4,20,25,20,"F",4,2.91666666666667,3.625,2.5
"129",2,2,1,1,1,2,4,2,4,4,2,3,4,2,4,1,3,3,1,4,2,3,3,1,4,5,1,4,4,2,4,5,4,4,1,3,4,5,2,4,4,3,4,1,3,4,2,3,3,4,4,1,3,2,4,3,20,29,19,"F",3.58333333333333,2.16666666666667,3.875,2.9
"130",4,1,1,1,1,1,4,1,4,3,2,4,5,1,4,1,4,5,2,5,3,1,3,1,4,4,2,5,3,1,4,2,4,4,2,4,4,4,3,5,4,4,5,5,5,4,3,5,4,3,4,3,3,5,4,5,31,39,30,"M",4.08333333333333,1.66666666666667,3.875,3.9
"131",4,1,1,1,1,1,2,1,5,2,3,4,5,2,4,1,4,2,2,5,3,3,2,1,4,2,3,4,3,2,3,2,5,2,2,4,5,3,3,5,4,4,3,4,5,4,2,5,5,5,5,1,3,2,3,5,20,36,22,"F",4.25,2.08333333333333,2.375,3.6
"132",3,2,3,2,1,1,4,1,4,4,4,3,4,3,4,1,4,3,2,5,3,4,3,1,5,1,3,3,2,4,3,5,3,2,2,3,2,4,2,4,3,2,4,1,3,3,2,4,2,4,2,2,2,5,2,4,22,29,16,"F",3.41666666666667,2.83333333333333,3,2.9
"133",5,1,2,1,1,2,4,2,4,4,4,2,3,2,4,3,2,2,4,4,2,4,4,2,4,3,4,4,2,4,4,4,2,2,4,4,4,4,2,4,3,4,4,2,3,4,2,2,2,1,2,2,2,2,2,4,22,21,16,"F",3.08333333333333,3.41666666666667,3.375,2.1
"134",4,2,2,2,2,2,3,4,4,2,4,3,4,4,2,2,3,4,4,4,4,3,3,2,3,3,2,3,3,4,3,3,3,2,3,4,4,5,3,4,4,4,5,3,4,5,2,3,4,3,3,2,3,4,3,4,21,31,19,"M",3.5,3.33333333333333,2.75,3.1
"135",2,2,1,1,1,1,4,2,5,4,4,3,5,5,4,3,5,4,2,4,2,4,5,2,4,1,4,4,3,5,1,4,4,2,2,4,4,5,3,4,4,4,4,3,3,4,1,4,3,1,3,1,1,5,1,4,20,24,0,"F",3.91666666666667,3.5,3.125,2.4
"136",3,1,1,1,1,1,5,2,4,4,2,3,2,2,4,2,4,4,4,4,4,2,5,1,2,5,2,4,4,2,5,5,4,4,2,4,5,5,1,4,4,2,4,2,4,2,4,4,5,4,5,2,3,5,4,4,22,40,30,"M",3.66666666666667,2.58333333333333,4.5,4
"137",4,1,2,1,1,1,4,1,5,4,3,3,5,4,4,1,5,2,2,5,4,4,3,1,4,1,4,5,4,4,1,4,3,2,2,4,4,4,4,5,4,4,4,5,5,2,2,5,4,1,4,2,2,4,2,5,21,31,23,"F",4.25,2.83333333333333,2.625,3.1
"138",3,2,2,1,1,1,2,3,5,3,4,4,5,4,3,2,4,2,2,5,4,4,4,2,4,1,2,4,4,4,5,5,4,2,3,4,4,5,4,5,3,4,5,1,5,4,2,3,4,1,3,1,3,1,1,4,21,23,19,"F",4.25,3.33333333333333,2.75,2.3
"139",2,2,2,1,1,1,3,3,5,3,3,3,4,4,4,2,4,3,2,5,4,5,5,1,4,2,2,3,3,3,4,5,5,2,2,3,3,4,3,4,4,5,5,2,4,3,2,3,2,5,2,3,2,3,3,3,21,28,18,"F",3.83333333333333,3,3.25,2.8
"140",5,1,1,1,1,1,5,3,5,5,2,3,4,2,5,5,5,5,1,5,5,4,1,4,5,2,1,5,5,2,5,5,5,5,1,1,5,1,5,1,1,5,1,1,1,1,3,5,5,4,5,1,2,5,2,5,21,37,28,"F",4.41666666666667,2.58333333333333,4.125,3.7
"141",3,1,3,2,1,1,4,2,4,2,2,3,4,2,4,2,4,2,2,4,3,2,4,1,3,2,2,2,4,2,5,5,4,4,2,3,4,5,4,4,4,2,5,2,3,4,3,4,4,1,4,1,2,2,2,3,20,26,21,"F",3.5,2.41666666666667,3.375,2.6
"142",2,1,1,1,1,1,4,2,5,2,5,4,5,2,2,4,4,4,2,5,1,4,3,1,5,4,5,2,2,4,1,5,2,2,5,4,4,4,4,5,2,4,4,4,4,3,2,4,4,1,4,1,2,1,1,4,21,24,19,"F",3.58333333333333,3.58333333333333,2.75,2.4
"143",3,1,2,1,1,1,5,1,4,4,2,4,4,1,4,1,4,4,2,4,2,2,3,1,5,4,2,2,3,2,5,4,4,4,2,4,4,5,4,4,4,4,4,3,5,5,4,4,4,2,4,1,4,2,1,4,25,30,27,"F",3.66666666666667,2.08333333333333,4.125,3
"144",4,2,3,2,1,1,4,3,4,4,3,4,5,3,4,2,4,2,3,4,5,2,2,1,4,2,3,4,4,2,4,5,4,2,4,5,4,2,1,5,2,2,3,3,5,3,3,3,2,3,4,2,3,4,3,2,27,29,0,"F",4.25,2.75,3,2.9
"145",1,1,1,1,2,1,4,4,3,5,4,4,3,4,4,3,4,4,5,4,4,3,4,4,4,5,4,3,4,4,3,4,5,4,4,3,4,4,5,4,4,4,4,2,2,5,4,4,3,4,3,2,3,3,3,3,20,32,0,"F",3.75,3.91666666666667,4.125,3.2
"146",3,2,1,1,1,1,4,4,3,2,3,2,2,5,4,5,2,3,4,2,2,5,4,2,3,3,5,1,2,5,2,5,2,4,4,2,2,5,5,4,2,5,5,1,1,5,3,4,3,2,3,2,2,3,2,4,21,28,24,"M",2.08333333333333,4.33333333333333,3.25,2.8
"147",3,1,2,1,1,1,3,2,4,3,2,4,4,2,3,2,5,3,2,5,4,4,3,2,5,2,2,5,4,3,4,5,3,2,2,4,4,4,3,5,4,4,5,2,4,4,1,4,4,3,4,1,3,3,2,4,24,29,21,"F",4.25,2.66666666666667,2.875,2.9
"148",4,1,2,1,1,1,3,3,4,2,4,3,4,2,3,2,5,4,2,4,2,4,4,1,4,2,4,3,2,2,4,4,4,1,3,4,4,5,5,5,4,3,5,2,3,5,2,3,2,4,2,2,1,3,4,1,20,24,20,"F",3.58333333333333,3,2.875,2.4
"149",4,3,4,5,4,5,3,1,5,3,4,4,4,2,3,2,4,3,2,4,2,4,2,1,4,2,2,4,4,4,1,4,4,2,1,4,5,5,5,5,3,3,4,3,5,4,2,4,4,3,4,2,3,3,2,4,21,31,28,"M",4,2.66666666666667,2.375,3.1
"150",3,2,2,1,1,1,4,1,4,4,3,3,4,2,4,1,4,4,2,4,4,2,3,1,3,4,3,4,2,1,5,5,3,3,2,4,1,3,3,4,4,4,4,4,4,3,1,2,3,2,4,1,1,1,1,3,20,19,12,"F",3.33333333333333,2.16666666666667,3.875,1.9
"151",3,4,3,2,1,1,4,3,4,1,2,2,4,3,4,2,4,2,2,5,4,3,2,1,4,2,3,2,1,2,1,5,4,1,3,4,4,3,1,4,4,3,4,2,5,2,2,3,1,2,1,2,1,5,1,2,20,20,21,"F",3.5,2.66666666666667,2.125,2
"152",3,2,2,2,1,2,5,1,4,4,2,2,4,1,4,1,3,4,3,4,2,3,3,1,4,4,4,2,2,2,5,3,4,3,2,3,4,4,4,4,4,4,3,3,4,4,3,4,4,5,4,2,4,3,4,5,18,38,28,"F",3.16666666666667,2.25,4,3.8
"153",3,2,2,3,1,2,4,3,4,4,2,2,4,2,4,2,4,3,2,4,3,2,3,2,4,2,4,3,4,2,5,4,3,1,3,4,4,4,2,5,5,5,5,3,4,2,3,4,4,5,3,1,4,2,4,4,21,34,31,"F",3.58333333333333,2.66666666666667,3.25,3.4
"154",4,1,1,1,1,1,3,4,4,2,4,4,3,2,3,4,4,2,3,4,2,4,2,2,3,3,1,3,3,4,5,5,3,1,2,4,4,5,3,4,4,3,5,3,4,5,1,4,4,5,4,4,2,4,5,4,19,37,18,"F",3.41666666666667,3.33333333333333,2.625,3.7
"155",4,1,2,1,1,1,4,5,5,3,4,3,5,3,3,4,5,3,1,5,3,1,4,5,4,2,2,5,4,3,2,5,5,1,5,5,2,4,4,5,3,5,5,4,4,5,3,4,4,3,4,1,2,2,3,3,21,29,25,"F",4.25,3.5,2.75,2.9
"156",2,3,3,1,1,2,4,2,5,4,3,2,3,2,4,1,4,4,3,3,4,3,4,1,4,3,2,2,4,4,5,5,2,4,3,2,4,4,2,4,3,4,4,2,2,4,2,4,2,4,2,1,2,1,1,4,20,23,19,"F",3.25,2.75,4,2.3
"157",2,1,2,1,1,1,3,2,4,3,4,5,4,1,4,1,4,3,2,5,4,1,2,1,4,2,2,4,4,2,4,2,5,3,2,5,5,4,4,4,3,5,5,4,5,5,4,4,5,4,4,3,4,4,4,5,21,41,21,"M",4.41666666666667,2,3,4.1
"158",4,3,2,2,1,1,4,3,4,4,3,3,4,2,2,2,3,2,2,4,3,3,4,1,3,2,2,3,3,4,5,4,3,4,3,3,3,5,3,4,4,3,4,4,3,4,2,4,3,3,3,1,2,2,3,4,20,27,16,"F",3.25,2.83333333333333,3.375,2.7
"159",2,1,2,3,1,1,4,5,5,4,3,4,5,5,4,1,4,2,2,4,2,5,3,5,4,4,2,2,4,5,5,1,4,5,3,4,5,5,5,5,4,5,5,3,4,4,1,5,5,4,5,1,3,2,4,5,21,35,7,"F",3.91666666666667,3.5,3.875,3.5
"160",4,2,3,1,2,2,4,3,4,2,1,4,4,2,3,1,4,4,2,4,4,2,4,1,3,1,4,3,4,3,5,5,4,3,2,3,2,4,5,5,4,4,5,4,4,2,4,5,3,2,4,2,3,4,2,5,20,34,21,"F",3.58333333333333,2.5,3.25,3.4
"161",3,2,3,1,1,1,4,5,5,4,3,3,5,2,4,1,5,2,2,5,5,3,4,4,5,2,2,4,3,4,5,4,4,2,3,5,5,5,3,5,4,4,4,4,5,3,2,5,4,4,4,1,3,2,2,5,18,32,17,"F",4.5,3.16666666666667,3.375,3.2
"162",2,3,2,2,1,2,4,1,5,3,2,3,2,4,3,3,4,5,4,4,3,3,5,1,3,5,4,3,4,4,5,5,3,3,1,4,5,5,5,4,3,5,5,3,4,5,3,4,4,3,2,4,2,5,3,3,22,33,22,"M",3.58333333333333,3.08333333333333,4.125,3.3
"163",4,1,2,1,1,1,4,2,5,4,4,3,4,3,4,2,4,4,3,4,3,4,3,1,2,3,3,3,4,3,4,3,4,2,3,4,4,4,4,3,3,4,5,3,4,3,2,4,3,4,2,3,3,5,3,4,22,33,18,"F",3.66666666666667,2.91666666666667,3.5,3.3
"164",3,2,2,3,1,1,2,3,3,2,3,2,2,4,3,3,2,1,3,3,4,5,2,2,3,1,1,1,2,5,4,5,1,1,2,5,3,2,2,5,3,5,3,2,3,4,2,3,4,5,3,3,3,5,4,3,24,35,25,"M",2.58333333333333,3.16666666666667,2,3.5
"165",2,1,1,1,1,1,2,2,4,4,3,3,5,2,4,1,4,4,3,5,4,2,3,2,4,4,1,4,4,2,5,4,4,3,3,4,5,5,4,5,4,3,5,3,5,4,2,4,4,4,4,2,3,3,2,4,19,32,24,"F",4.16666666666667,2.5,3.625,3.2
"166",3,1,2,1,1,1,4,3,4,4,4,3,3,4,4,3,4,2,4,4,2,4,3,3,3,2,4,2,3,5,5,5,4,3,3,3,4,4,5,4,4,5,5,3,3,5,3,3,4,4,3,1,3,2,4,4,20,31,23,"F",3.25,3.83333333333333,3.375,3.1
"167",2,4,4,5,5,4,2,2,4,1,2,3,4,1,2,2,3,3,2,5,2,2,3,4,4,2,4,3,2,2,4,5,4,1,4,5,4,4,2,5,3,3,4,3,3,4,1,4,2,4,3,1,2,2,1,4,21,24,0,"F",3.58333333333333,2.83333333333333,2.25,2.4
"168",5,1,2,1,1,1,2,4,5,2,2,4,4,2,2,1,5,1,2,4,5,2,2,4,4,2,1,4,4,2,4,4,4,2,2,5,4,1,1,5,4,4,2,2,5,2,2,4,2,4,2,2,2,4,4,2,20,28,23,"F",4.33333333333333,2.25,2.125,2.8
"169",3,1,3,3,1,1,5,3,5,5,5,3,5,2,4,4,3,4,4,5,2,2,4,1,3,5,5,5,4,2,5,5,3,5,5,5,4,3,3,5,4,5,5,1,4,2,1,1,2,3,3,1,2,1,1,2,17,17,26,"F",3.91666666666667,3.41666666666667,4.625,1.7
"170",4,3,4,2,2,4,5,5,3,3,4,3,4,5,3,2,2,3,2,2,3,5,3,1,2,1,4,4,2,4,1,4,1,1,4,4,2,5,5,4,4,5,5,3,3,5,1,3,3,1,3,1,2,1,1,3,19,19,12,"M",2.66666666666667,3.75,2.5,1.9
"171",4,1,2,1,1,1,4,2,5,2,2,1,4,2,2,1,4,1,2,5,3,2,2,1,4,2,1,4,2,1,1,4,3,2,1,4,4,2,1,5,4,3,3,4,5,2,2,4,4,5,4,2,3,2,2,4,23,32,0,"F",3.58333333333333,1.75,2,3.2
"172",2,2,2,1,1,1,4,2,5,2,2,3,3,4,3,3,2,3,2,3,3,4,3,2,3,2,2,2,3,4,4,5,3,2,2,3,4,4,4,3,3,3,4,2,4,4,4,4,3,5,3,3,1,4,4,4,20,35,32,"F",3.08333333333333,3,2.875,3.5
"173",3,1,2,1,1,1,3,2,5,2,3,3,5,3,2,1,5,2,2,5,4,3,4,1,2,2,2,4,2,4,3,4,3,4,2,3,4,4,1,1,3,3,1,4,2,3,1,3,2,4,2,1,2,2,4,3,20,24,22,"F",3.75,2.58333333333333,2.75,2.4
"174",4,2,2,2,1,1,4,2,5,4,3,4,5,4,4,1,5,2,3,4,4,3,3,2,4,1,1,3,3,4,5,4,4,4,2,3,5,4,2,5,3,4,4,3,5,5,2,3,5,4,5,4,3,4,4,4,25,38,0,"F",4.08333333333333,2.75,3.375,3.8
"175",3,1,1,2,1,1,3,1,4,4,4,3,5,3,4,2,5,4,2,5,5,4,4,3,2,3,4,5,5,4,5,5,5,5,4,5,1,4,4,4,3,4,2,2,4,4,2,2,4,3,2,1,3,1,1,2,20,21,20,"F",4.16666666666667,3.33333333333333,4,2.1
"176",4,1,2,1,1,1,2,4,5,2,2,4,4,2,2,1,5,1,2,4,4,2,5,2,5,1,4,3,2,4,5,4,4,1,2,5,5,5,2,4,3,3,5,2,4,4,1,4,4,4,4,1,1,4,2,4,20,29,21,"F",4.16666666666667,2.83333333333333,2.375,2.9
"177",3,2,1,1,1,1,5,1,4,3,5,3,3,2,4,1,4,3,3,3,3,3,3,1,5,3,4,1,3,3,5,5,3,5,3,2,5,5,3,4,3,5,5,3,4,3,1,4,1,3,1,1,1,1,2,4,19,19,23,"F",3.25,3,3.875,1.9
"178",4,1,1,1,1,1,5,2,5,5,4,4,5,2,5,2,5,2,3,5,4,2,2,1,4,2,2,3,3,4,4,5,3,2,2,4,4,5,4,4,4,2,5,3,4,4,2,4,2,1,2,1,2,1,1,4,19,20,20,"F",4.08333333333333,2.83333333333333,3.375,2
"179",4,1,3,3,2,2,2,4,4,2,2,2,2,2,3,1,4,1,4,4,4,4,2,2,2,2,2,1,2,4,1,5,2,1,3,4,4,5,2,4,2,4,5,3,4,5,4,4,4,5,4,4,4,5,4,4,22,42,28,"F",2.91666666666667,3.16666666666667,1.75,4.2
"180",4,3,2,2,2,1,3,5,4,2,3,3,4,1,4,2,4,4,2,4,3,4,2,2,5,2,3,4,4,3,5,2,3,2,2,4,4,4,2,4,4,3,3,3,4,4,2,4,5,5,5,1,5,5,5,4,35,41,31,"M",3.83333333333333,2.75,3,4.1
"181",3,1,2,2,1,2,4,2,5,4,2,2,4,2,2,4,4,1,2,4,4,4,4,5,4,1,4,2,2,4,4,5,2,1,2,1,4,5,2,4,5,4,5,4,5,5,2,5,5,4,4,2,4,2,4,5,18,37,18,"F",3.16666666666667,3.41666666666667,2.625,3.7
"182",3,2,2,1,1,1,4,2,5,4,4,4,4,2,3,2,4,2,2,4,2,3,3,2,4,1,4,3,2,4,2,3,3,2,3,2,4,5,5,5,4,5,5,2,3,4,4,4,4,4,4,2,3,4,4,3,19,36,30,"F",3.41666666666667,3,2.625,3.6
"183",4,1,2,1,1,1,5,2,5,4,2,4,5,4,4,3,5,4,2,4,5,3,3,1,2,3,2,3,4,3,2,5,2,2,1,5,5,4,3,5,4,4,5,3,4,4,2,3,1,3,1,1,1,1,2,3,21,18,19,"M",4.08333333333333,2.66666666666667,3.375,1.8
